{"stats":{"minecraft:picked_up":{"minecraft:wooden_sword":4,"minecraft:redstone":16,"minecraft:writable_book":41},"minecraft:dropped":{"minecraft:pink_stained_glass":3,"minecraft:cyan_stained_glass":4,"minecraft:lime_stained_glass":4,"minecraft:yellow_concrete":2,"minecraft:purple_concrete":3,"minecraft:red_stained_glass":2,"minecraft:iron_trapdoor":1,"minecraft:light_blue_stained_glass":2,"minecraft:lodestone":1,"minecraft:repeater":1,"minecraft:writable_book":2,"minecraft:pink_concrete":3,"minecraft:red_concrete":2,"minecraft:magenta_stained_glass":2,"minecraft:lime_concrete":4,"minecraft:orange_concrete":3,"minecraft:blue_concrete":4,"minecraft:green_concrete":7,"minecraft:yellow_stained_glass":2,"minecraft:magenta_concrete":2,"minecraft:light_blue_concrete":4,"minecraft:shulker_box":1,"minecraft:orange_stained_glass":3,"minecraft:blue_stained_glass":3,"minecraft:purple_stained_glass":3,"minecraft:quartz_block":1,"minecraft:hopper":1,"minecraft:cyan_concrete":5,"minecraft:scaffolding":1,"minecraft:oak_leaves":1,"minecraft:green_stained_glass":6},"minecraft:custom":{"minecraft:inspect_dropper":50,"minecraft:inspect_hopper":64,"minecraft:open_barrel":82,"minecraft:fill_cauldron":6,"minecraft:leave_game":137,"minecraft:time_since_death":1672363,"minecraft:climb_one_cm":6056,"minecraft:sprint_one_cm":66084,"minecraft:walk_one_cm":630310,"minecraft:drop":83,"minecraft:play_time":2472386,"minecraft:deaths":1,"minecraft:sneak_time":252781,"minecraft:walk_under_water_one_cm":273963,"minecraft:interact_with_lectern":583,"minecraft:jump":4569,"minecraft:interact_with_blast_furnace":22,"minecraft:walk_on_water_one_cm":15907,"minecraft:total_world_time":2802129,"minecraft:interact_with_furnace":1,"minecraft:tune_noteblock":329,"minecraft:time_since_rest":1672393,"minecraft:damage_taken":700,"minecraft:swim_one_cm":2424,"minecraft:fly_one_cm":10849779,"minecraft:crouch_one_cm":99070,"minecraft:use_cauldron":14,"minecraft:fall_one_cm":46497,"minecraft:inspect_dispenser":28},"minecraft:used":{"minecraft:moss_block":1,"minecraft:oak_trapdoor":6,"minecraft:writable_book":123,"minecraft:polished_deepslate":4,"minecraft:orange_concrete":210,"minecraft:smooth_quartz_slab":8,"minecraft:red_concrete":251,"minecraft:dispenser":31,"minecraft:redstone":2922,"minecraft:ladder":2,"minecraft:spruce_planks":3,"minecraft:stone":2,"minecraft:quartz_stairs":26,"minecraft:oak_door":1,"minecraft:orange_stained_glass":24,"minecraft:dirt":209,"minecraft:soul_sand":34,"minecraft:target":309,"minecraft:light_blue_dye":2,"minecraft:hopper":84,"minecraft:blue_stained_glass":26,"minecraft:deepslate_tile_slab":17,"minecraft:shulker_box":1,"minecraft:pink_dye":1,"minecraft:blue_concrete":229,"minecraft:light_blue_stained_glass":67,"minecraft:oak_fence_gate":1,"minecraft:stripped_spruce_log":303,"minecraft:obsidian":261,"minecraft:polished_diorite":34,"minecraft:polished_deepslate_stairs":22,"minecraft:dark_oak_planks":4,"minecraft:honey_block":94,"minecraft:packed_ice":12,"minecraft:sea_lantern":19,"minecraft:stripped_dark_oak_wood":723,"minecraft:light_gray_stained_glass":86,"minecraft:quartz_pillar":772,"minecraft:grass_block":1,"minecraft:iron_block":455,"minecraft:yellow_stained_glass":22,"minecraft:quartz_slab":905,"minecraft:lantern":1,"minecraft:spruce_button":1,"minecraft:slime_block":483,"minecraft:quartz_block":8,"minecraft:smooth_quartz":4,"minecraft:lime_dye":2,"minecraft:barrel":71,"minecraft:stone_bricks":6,"minecraft:item_frame":51,"minecraft:tripwire_hook":2,"minecraft:purple_concrete":238,"minecraft:repeater":1473,"minecraft:redstone_lamp":85,"minecraft:lime_concrete":818,"minecraft:written_book":1,"minecraft:black_stained_glass":86,"minecraft:gray_glazed_terracotta":925,"minecraft:scaffolding":159,"minecraft:emerald_block":2,"minecraft:iron_trapdoor":76,"minecraft:lime_stained_glass":77,"minecraft:furnace":2,"minecraft:black_dye":2,"minecraft:gold_block":55,"minecraft:pearlescent_froglight":76,"minecraft:red_dye":2,"minecraft:observer":1786,"minecraft:stripped_spruce_wood":9,"minecraft:dark_oak_stairs":9,"minecraft:water_bucket":231,"minecraft:end_rod":118,"minecraft:light_blue_glazed_terracotta":6,"minecraft:dropper":130,"minecraft:lodestone":1141,"minecraft:red_stained_glass":24,"minecraft:powered_rail":724,"minecraft:polished_andesite":6,"minecraft:dark_oak_sign":26,"minecraft:oak_planks":3,"minecraft:composter":57,"minecraft:chainmail_helmet":1,"minecraft:black_glazed_terracotta":7,"minecraft:redstone_block":480,"minecraft:magenta_stained_glass":23,"minecraft:cauldron":19,"minecraft:white_dye":30,"minecraft:glow_ink_sac":25,"minecraft:oak_leaves":1,"minecraft:glow_item_frame":13,"minecraft:pink_concrete":193,"minecraft:polished_deepslate_slab":6,"minecraft:diamond_block":1,"minecraft:blue_dye":1,"minecraft:comparator":579,"minecraft:light_blue_concrete":483,"minecraft:dark_prismarine_slab":4,"minecraft:cyan_glazed_terracotta":9,"minecraft:blast_furnace":87,"minecraft:yellow_concrete":192,"minecraft:cyan_dye":2,"minecraft:gray_concrete":1421,"minecraft:ochre_froglight":3,"minecraft:note_block":430,"minecraft:stone_brick_wall":566,"minecraft:cake":86,"minecraft:lightning_rod":94,"minecraft:cyan_stained_glass":64,"minecraft:redstone_torch":212,"minecraft:deepslate_tiles":9,"minecraft:purple_stained_glass":25,"minecraft:sticky_piston":990,"minecraft:piston":288,"minecraft:green_concrete":666,"minecraft:lever":33,"minecraft:yellow_dye":2,"minecraft:activator_rail":33,"minecraft:black_concrete":35,"minecraft:gray_stained_glass_pane":4,"minecraft:light_gray_concrete":221,"minecraft:oak_button":196,"minecraft:verdant_froglight":150,"minecraft:stone_button":10,"minecraft:lectern":98,"minecraft:magenta_concrete":243,"minecraft:cyan_concrete":552,"minecraft:iron_door":70,"minecraft:purple_dye":1,"minecraft:potion":14,"minecraft:stripped_oak_wood":2,"minecraft:white_stained_glass":5704,"minecraft:chain":44,"minecraft:ice":1,"minecraft:pink_stained_glass":24,"minecraft:smooth_stone_slab":28,"minecraft:white_concrete":2670,"minecraft:kelp":268,"minecraft:smooth_stone":8,"minecraft:gray_stained_glass":632,"minecraft:green_stained_glass":77}},"DataVersion":3337}